first_seen,score,track,company,title,location,fit_reason,source,url,posted_at,status,id
2026-07-24T04:32:51+00:00,,swe,quadrillion-labs,Software Engineering Intern (Summer 2027),New York City,,ashby,https://jobs.ashbyhq.com/quadrillion-labs/a4acc44c-31ce-41a0-ab44-2500487b4d05,2026-07-24T03:24:43.068000+00:00,new,ashby:a4acc44c-31ce-41a0-ab44-2500487b4d05
2026-07-24T07:18:06+00:00,,swe,Quadrillion,Software Engineering Intern,NYC,,repo:SimplifyJobs/Summer2026-Internships,https://jobs.ashbyhq.com/quadrillion-labs/a4acc44c-31ce-41a0-ab44-2500487b4d05/application?embed=true,2026-07-24T06:21:13+00:00,new,repo:SimplifyJobs/Summer2026-Internships:53663e4c-42be-4d2a-ba0f-ac7a0d65da22
2026-07-24T07:18:06+00:00,,swe,Quadrillion,Software Engineering Intern (Summer 2027),"New York, NY, United States",,repo:jobright-ai/2026-Software-Engineer-Internship,https://jobright.ai/jobs/info/6a62dda199515267a6f00561?utm_campaign=1079&utm_source=git,,new,repo:jobright-ai/2026-Software-Engineer-Internship:https://jobright.ai/jobs/info/6a62dda199515267a6f00561
2026-07-24T07:18:06+00:00,,swe,RRS Group & Co,2027 Software Engineer Intern - Placement Year,"San Francisco, CA, United States",,repo:jobright-ai/2026-Software-Engineer-Internship,https://jobright.ai/jobs/info/6a62cb4432abf9182432ba8f?utm_campaign=1079&utm_source=git,,new,repo:jobright-ai/2026-Software-Engineer-Internship:https://jobright.ai/jobs/info/6a62cb4432abf9182432ba8f
2026-07-24T07:18:06+00:00,,swe,Soapbox Influence and Retail Media,Full-Stack Software Engineering Intern,"Bentonville, AR, United States",,repo:jobright-ai/2026-Software-Engineer-Internship,https://jobright.ai/jobs/info/6a62e05d32abf9182432c01d?utm_campaign=1079&utm_source=git,,new,repo:jobright-ai/2026-Software-Engineer-Internship:https://jobright.ai/jobs/info/6a62e05d32abf9182432c01d
2026-07-24T07:18:06+00:00,,ml,Northeading Technologies,AI/ML Engineer (Intern/CO-OP),"Ontario, Canada",,repo:jobright-ai/2026-Engineer-Internship,https://jobright.ai/jobs/info/6a62e7d399515267a6f0075f?utm_campaign=1048&utm_source=git,,new,repo:jobright-ai/2026-Engineer-Internship:https://jobright.ai/jobs/info/6a62e7d399515267a6f0075f
2026-07-24T07:18:06+00:00,,ml,Philo Homes,Software Engineer Intern - Computer Vision_Chinese Required,"New York, NY, United States",,repo:jobright-ai/2026-Engineer-Internship,https://jobright.ai/jobs/info/6a62cbff32abf9182432baad?utm_campaign=1048&utm_source=git,,new,repo:jobright-ai/2026-Engineer-Internship:https://jobright.ai/jobs/info/6a62cbff32abf9182432baad
2026-07-24T09:55:06+00:00,,product,appian,Product Manager Intern,"McLean, Virginia",,greenhouse,https://job-boards.greenhouse.io/appian/jobs/8041243,2026-07-23T18:39:29+00:00,new,greenhouse:8041243
2026-07-24T09:55:06+00:00,,swe,appian,Software Engineering Intern,"McLean, Virginia",,greenhouse,https://job-boards.greenhouse.io/appian/jobs/8041237,2026-07-23T18:40:08+00:00,new,greenhouse:8041237
2026-07-24T09:55:06+00:00,,swe,anthelioncap,Quant Developer / Quant Research Intern - 2026/2027,New York City,,ashby,https://jobs.ashbyhq.com/anthelioncap/5e2ea37b-2369-474e-b717-c24c60976e96,2026-07-23T19:51:59.097000+00:00,new,ashby:5e2ea37b-2369-474e-b717-c24c60976e96
2026-07-24T09:55:06+00:00,,swe,Google,Software Engineering Intern,"Mountain View, CA, Atlanta, GA, Austin, TX, Boulder, CO, Cambridge, MA, Bellevue, WA, Chicago, IL, Houston, TX, Irvine, CA, Kirkland, WA, Los Angeles, CA, Madison, WI, New York, NY, Palo Alto, CA, Portland, OR, Pittsburgh, PA, Raleigh, NC, Durham, NC, Reston, VA, Redmond, WA, Redwood City, CA, San Diego, CA, Goleta, CA, San Bruno, CA, Seattle, WA, San Francisco, CA, San Jose, CA, Santa Cruz, CA, South San Francisco, CA, Sunnyvale, CA",,repo:vanshb03/Summer2026-Internships,https://www.google.com/about/careers/applications/jobs/results/85564713261245126-software-engineering-intern-bs-summer-2027,2026-07-24T07:34:28+00:00,new,repo:vanshb03/Summer2026-Internships:3bf282cf-0952-44ca-85dc-2415cb802265
2026-07-24T09:55:06+00:00,,swe,Astranis,"Software Engineer Intern, Enterprise Systems","San Francisco, CA",,repo:vanshb03/Summer2026-Internships,https://job-boards.greenhouse.io/astranis/jobs/4699071006,2026-07-24T07:39:24+00:00,new,repo:vanshb03/Summer2026-Internships:6e65fab0-601b-478c-bd23-296d687da4d3
2026-07-24T09:55:06+00:00,,swe,Netic,Software Engineer Intern,"San Francisco, CA",,repo:vanshb03/Summer2026-Internships,https://jobs.ashbyhq.com/netic/b0ea7aab-8eea-4d31-96f9-278364180ae7,2026-07-24T07:41:39+00:00,new,repo:vanshb03/Summer2026-Internships:380a517f-7ba1-4690-8922-d3ca051358f2
2026-07-24T09:55:06+00:00,,swe,Five Rings,Software Developer Intern,"New York, NY",,repo:vanshb03/Summer2026-Internships,https://job-boards.greenhouse.io/fiveringsllc/jobs/5349707008,2026-07-24T07:41:48+00:00,new,repo:vanshb03/Summer2026-Internships:4b8ca79c-b960-40bb-91f5-635de8e52635
2026-07-24T09:55:06+00:00,,swe,Akuna Capital,"Software Engineer Intern, C++","Chicago, IL",,repo:vanshb03/Summer2026-Internships,https://akunacapital.com/careers/job/8018847/?gh_jid=8018847,2026-07-24T07:41:54+00:00,new,repo:vanshb03/Summer2026-Internships:d6cc616f-fce5-49e4-8bc9-86c7aa74213f
2026-07-24T09:55:06+00:00,,swe,Akuna Capital,Platform Engineer Intern,"Chicago, IL",,repo:vanshb03/Summer2026-Internships,https://akunacapital.com/careers/job/8018856/?gh_jid=8018856,2026-07-24T07:41:57+00:00,new,repo:vanshb03/Summer2026-Internships:155999af-8a99-47c2-8979-8c419c71ebbf
2026-07-24T09:55:06+00:00,,swe,Akuna Capital,Python Software Engineer Intern,"Chicago, IL",,repo:vanshb03/Summer2026-Internships,https://akunacapital.com/careers/job/8018853/?gh_jid=8018853,2026-07-24T07:42:03+00:00,new,repo:vanshb03/Summer2026-Internships:5e47efa2-4159-44df-abf1-0fec93cb6b76
2026-07-24T09:55:06+00:00,,swe,Akuna Capital,"Software Engineer Intern, Full Stack Web","Chicago, IL",,repo:vanshb03/Summer2026-Internships,https://akunacapital.com/careers/job/8018893/?gh_jid=8018893,2026-07-24T07:42:06+00:00,new,repo:vanshb03/Summer2026-Internships:edb9ce9b-f37c-4252-838f-c4a4111fab95
2026-07-24T09:55:06+00:00,,swe,Akuna Capital,"Software Engineer Intern, C# .NET Desktop","Chicago, IL",,repo:vanshb03/Summer2026-Internships,https://akunacapital.com/careers/job/8018886/?gh_jid=8018886,2026-07-24T07:42:09+00:00,new,repo:vanshb03/Summer2026-Internships:a2a0252c-cef2-4e59-bd6c-40f63824ab65
2026-07-24T09:55:06+00:00,,swe,Hudson River Trading,Software Engineer Intern,"Austin, TX, Chicago, IL, New York, NY",,repo:vanshb03/Summer2026-Internships,https://www.hudsonrivertrading.com/hrt-job/software-engineering-internship-c-or-python-summer-2027/?gh_src=,2026-07-24T07:42:13+00:00,new,repo:vanshb03/Summer2026-Internships:d141c64b-9fdf-4d81-9216-84b5898e46d5
2026-07-24T09:55:06+00:00,,swe,Moog,"Software Engineer Intern, Fleet Health Instrumentation","Buffalo, NY",,repo:vanshb03/Summer2026-Internships,https://moog.wd5.myworkdayjobs.com/moog_external_career_site/job/Buffalo-NY/Intern--Software-Engineering_R-26-18885-1,2026-07-24T07:44:35+00:00,new,repo:vanshb03/Summer2026-Internships:8b1809f4-f589-4ac0-954f-daec0e2f1f37
2026-07-24T09:55:06+00:00,,ml,ShyftLabs,AI Engineer Intern,"Toronto, Canada",,repo:vanshb03/Summer2026-Internships,https://jobs.lever.co/shyftlabs/4f389ea7-9b98-4ed0-99c2-b25ea8cc2dcd,2026-07-24T07:44:47+00:00,new,repo:vanshb03/Summer2026-Internships:e9084a49-45a2-4146-bfb0-4c692703ecde
2026-07-24T09:55:06+00:00,,ml,SPREEAI,"Software Engineer Intern, AI Infrastructure / Training / Inference","San Francisco, CA",,repo:vanshb03/Summer2026-Internships,https://ats.rippling.com/en-GB/spreeai/jobs/d34aed29-7a11-4e37-b5bc-e9317f82f0b1,2026-07-24T07:44:51+00:00,new,repo:vanshb03/Summer2026-Internships:6ef0f727-caa3-42c0-b39e-34cc7dd572f8
2026-07-24T09:55:06+00:00,,swe,SpreeAI,Mobile Software Engineer Intern,"San Francisco, CA",,repo:vanshb03/Summer2026-Internships,https://ats.rippling.com/en-GB/spreeai/jobs/c52472cb-2671-45d7-b666-17196dc3df25,2026-07-24T07:44:57+00:00,new,repo:vanshb03/Summer2026-Internships:0930f14d-38f7-4257-a5cc-36bb622462d1
2026-07-24T09:55:06+00:00,,swe,Moon,"Software Engineer Intern, Backend & API","Glendale, CA",,repo:vanshb03/Summer2026-Internships,https://ats.rippling.com/en-GB/moon/jobs/8b81bca7-1a64-4377-8ea8-869aac03080b,2026-07-24T07:45:00+00:00,new,repo:vanshb03/Summer2026-Internships:56cfe33e-2c3f-499e-a541-ba629d2a429c
2026-07-24T09:55:06+00:00,,swe,Mobius Renewables,Software Engineer Intern,"Houston, TX",,repo:vanshb03/Summer2026-Internships,https://ats.rippling.com/en-GB/greengas/jobs/b2938290-cc66-4f54-9888-bbe286c1d9b6,2026-07-24T07:45:13+00:00,new,repo:vanshb03/Summer2026-Internships:97b0cba0-dd39-418f-ad24-32e4f39d8f32
2026-07-24T09:55:06+00:00,,swe,Phonely,Software Engineer Intern,"San Francisco, CA",,repo:vanshb03/Summer2026-Internships,https://jobs.ashbyhq.com/phonely/c83696cb-ca3a-4a9d-9e87-bfcf4f79fef5?embed=true,2026-07-24T07:45:17+00:00,new,repo:vanshb03/Summer2026-Internships:f5c02ac0-bb2c-4cc3-a2c1-5a4752fa26f4
2026-07-24T09:55:06+00:00,,swe,fab2,Software Engineering Intern,"San Francisco, CA",,repo:vanshb03/Summer2026-Internships,https://jobs.ashbyhq.com/fab2/947338ca-e135-4398-9aa3-79e131bc03d5?embed=true,2026-07-24T07:45:37+00:00,new,repo:vanshb03/Summer2026-Internships:9de235b1-0b40-4547-be8b-8ccc3d64cec5
2026-07-24T09:55:06+00:00,,swe,Copart,Software Engineering Intern,"Dallas, TX",,repo:vanshb03/Summer2026-Internships,https://copart.wd12.myworkdayjobs.com/copart/job/Dallas-TX---Headquarters/Software-Engineering-Intern_JR110011,2026-07-24T07:45:47+00:00,new,repo:vanshb03/Summer2026-Internships:69849980-0c55-4822-96cf-724e3c942dfe
2026-07-24T09:55:06+00:00,,swe,Deepgram,Software Engineering Intern,"Remote, US",,repo:vanshb03/Summer2026-Internships,https://jobs.ashbyhq.com/deepgram/dc8693b5-72ce-4ca3-ab15-9c8434d35da1,2026-07-24T08:28:50+00:00,new,repo:vanshb03/Summer2026-Internships:9d6696b7-37a8-4591-bd0c-3188d7029a5c
2026-07-24T09:55:06+00:00,,swe,Schweitzer Engineering Laboratories,Software Engineer Intern,"Boise, ID",,repo:vanshb03/Summer2026-Internships,https://selinc.wd1.myworkdayjobs.com/SEL/job/Idaho---Boise/Software-Engineer-Intern_2026-22321,2026-07-24T08:11:17+00:00,new,repo:vanshb03/Summer2026-Internships:bc3f3e20-e320-44eb-8cc0-534519cb91c5
2026-07-24T09:55:06+00:00,,swe,Netic,Software Engineer Intern,"San Francisco, CA",,repo:vanshb03/Summer2026-Internships,https://jobs.ashbyhq.com/netic/b0ea7aab-8eea-4d31-96f9-278364180ae7?embed=true,2026-07-24T08:11:23+00:00,new,repo:vanshb03/Summer2026-Internships:03955d93-4d1c-46d5-a4a6-8b5fcc1af250
2026-07-24T09:55:06+00:00,,swe,Netic,Full-Stack Software Engineer Intern,"San Francisco, CA",,repo:vanshb03/Summer2026-Internships,https://jobs.ashbyhq.com/netic/f291394a-f3c5-4f46-9b87-77aea3d487ef?embed=true,2026-07-24T08:11:29+00:00,new,repo:vanshb03/Summer2026-Internships:a8b122cc-6088-4dbe-b7cf-2d34262b0b49
2026-07-24T09:55:06+00:00,,ml,Jane Street,Machine Learning Engineer Intern,"New York, NY",,repo:vanshb03/Summer2026-Internships,https://www.janestreet.com/join-jane-street/position/8611307002/,2026-07-24T08:30:11+00:00,new,repo:vanshb03/Summer2026-Internships:3a877898-03db-4d40-b260-c1b03dc487df
2026-07-24T09:55:06+00:00,,ml,Jane Street,Machine Learning Researcher Intern,"New York, NY",,repo:vanshb03/Summer2026-Internships,https://www.janestreet.com/join-jane-street/position/8384490002/,2026-07-24T08:30:14+00:00,new,repo:vanshb03/Summer2026-Internships:9614e1a9-8e62-4e79-b979-0125c1fbaec7
2026-07-24T09:55:06+00:00,,swe,Jane Street,Data Engineer Intern,"New York, NY",,repo:vanshb03/Summer2026-Internships,https://www.janestreet.com/join-jane-street/position/8631973002/,2026-07-24T08:30:20+00:00,new,repo:vanshb03/Summer2026-Internships:14ab1d25-162a-40a7-baa4-28552e08a7c0
2026-07-24T09:55:06+00:00,,swe,Jane Street,Software Engineer Intern,"New York, NY",,repo:vanshb03/Summer2026-Internships,https://www.janestreet.com/join-jane-street/position/8419303002/,2026-07-24T08:31:13+00:00,new,repo:vanshb03/Summer2026-Internships:c05efabc-e56c-42df-acdf-6792be1be56d
2026-07-24T09:55:06+00:00,,swe,Jane Street,Software Engineer Intern,"New York, NY",,repo:vanshb03/Summer2026-Internships,https://www.janestreet.com/join-jane-street/position/8599644002/,2026-07-24T08:35:47+00:00,new,repo:vanshb03/Summer2026-Internships:b7e5ac4c-0473-4457-9fbd-1acfbf14b579
2026-07-24T09:55:06+00:00,,swe,Palantir Technologies,Forward Deployed Infrastructure Engineer Intern,"Washington, D.C.",,repo:vanshb03/Summer2026-Internships,https://jobs.lever.co/palantir/3db7e40a-28e0-4ad1-96c5-93de5bc96aa9,2026-07-24T08:38:02+00:00,new,repo:vanshb03/Summer2026-Internships:a7abcc46-052a-42b3-a1b9-4ebc6d07ecb3
2026-07-24T09:55:06+00:00,,swe,Palantir Technologies,Forward Deployed Infrastructure Engineer Intern,"New York, NY",,repo:vanshb03/Summer2026-Internships,https://jobs.lever.co/palantir/cf5f44ff-1b0b-4752-bcd4-2dc88798f25b,2026-07-24T08:38:07+00:00,new,repo:vanshb03/Summer2026-Internships:85f363dd-83b7-428d-b645-5200549e94a3
2026-07-24T09:55:06+00:00,,swe,Palantir Technologies,Forward Deployed Infrastructure Engineer Intern,"Palo Alto, CA",,repo:vanshb03/Summer2026-Internships,https://jobs.lever.co/palantir/8f362a1f-1eff-4327-94c1-ff46e2101c69,2026-07-24T08:38:10+00:00,new,repo:vanshb03/Summer2026-Internships:85d96166-20d7-4928-a81a-b815ea0309dd
2026-07-24T09:55:06+00:00,,swe,Palantir Technologies,Forward Deployed Software Engineer Intern,"New York, NY",,repo:vanshb03/Summer2026-Internships,https://jobs.lever.co/palantir/4d29249a-d7e8-4c39-880d-3b35d7b2f6f6,2026-07-24T08:38:14+00:00,new,repo:vanshb03/Summer2026-Internships:35cbe6f4-e5e3-45fe-92fb-ead7d21826f5
2026-07-24T09:55:06+00:00,,swe,Palantir Technologies,Forward Deployed Software Engineer Intern,"Chicago, IL",,repo:vanshb03/Summer2026-Internships,https://jobs.lever.co/palantir/d5486403-c050-4920-b2e0-91b69b61ebb2,2026-07-24T08:38:17+00:00,new,repo:vanshb03/Summer2026-Internships:be9c167e-b272-46e1-a169-a88b742aa291
2026-07-24T09:55:06+00:00,,swe,Palantir Technologies,Forward Deployed Software Engineer Intern,"Washington, D.C.",,repo:vanshb03/Summer2026-Internships,https://jobs.lever.co/palantir/9e40d77f-b07c-437b-98e7-def9b0184d89,2026-07-24T08:38:22+00:00,new,repo:vanshb03/Summer2026-Internships:a26a4ffb-a34f-4da4-8435-569d3c9e73c1
2026-07-24T09:55:06+00:00,,swe,Palantir Technologies,Software Engineer Intern,"Palo Alto, CA",,repo:vanshb03/Summer2026-Internships,https://jobs.lever.co/palantir/e27af7ab-41fc-40c9-b31d-02c6cb1c505c,2026-07-24T08:38:25+00:00,new,repo:vanshb03/Summer2026-Internships:970fe63f-0d51-44fc-b25a-857a051ac41a
2026-07-24T09:55:06+00:00,,swe,Palantir Technologies,Software Engineer Intern,"Washington, D.C.",,repo:vanshb03/Summer2026-Internships,https://jobs.lever.co/palantir/bdcfb29f-4f27-42de-933f-7f83a359b9f0,2026-07-24T08:38:32+00:00,new,repo:vanshb03/Summer2026-Internships:0c8e1e21-7cfa-4338-a358-b04bd39fa799
2026-07-24T09:55:06+00:00,,swe,Palantir Technologies,Software Engineer Intern,"New York, NY",,repo:vanshb03/Summer2026-Internships,https://jobs.lever.co/palantir/7d69cf8a-06fd-4f05-bd84-27149db29c4d,2026-07-24T08:38:34+00:00,new,repo:vanshb03/Summer2026-Internships:62ec68a4-2c66-4687-b3ba-018b1caa6437
2026-07-24T09:55:06+00:00,,swe,Palantir Technologies,Software Engineer Intern,"Denver, CO",,repo:vanshb03/Summer2026-Internships,https://jobs.lever.co/palantir/373eb939-6f57-4836-8479-be79a5e07249,2026-07-24T08:38:38+00:00,new,repo:vanshb03/Summer2026-Internships:def1cdde-d5df-4c40-93e0-d17693c324cc
2026-07-24T09:55:06+00:00,,swe,Palantir Technologies,"Software Engineer Intern, Defense Tech","Washington, D.C.",,repo:vanshb03/Summer2026-Internships,https://jobs.lever.co/palantir/f17e98d0-046a-4e6e-9d65-ed0b12dd0ff7,2026-07-24T08:38:42+00:00,new,repo:vanshb03/Summer2026-Internships:012269d3-ac77-42ec-b155-6d02f53f8a49
2026-07-24T09:55:06+00:00,,swe,Palantir Technologies,"Software Engineer Intern, Defense Tech","Palo Alto, CA",,repo:vanshb03/Summer2026-Internships,https://jobs.lever.co/palantir/a483f41b-0da9-42ea-8ed6-cbf6eb93cc6d,2026-07-24T08:38:54+00:00,new,repo:vanshb03/Summer2026-Internships:c57978d9-d708-4381-8e51-fb2ed61cd5c1
2026-07-24T09:55:06+00:00,,swe,Palantir Technologies,"Software Engineer Intern, Defense Tech","New York, NY",,repo:vanshb03/Summer2026-Internships,https://jobs.lever.co/palantir/8bcf4f33-0a79-4248-bbfd-49ac4be9dd8e,2026-07-24T08:38:56+00:00,new,repo:vanshb03/Summer2026-Internships:627e89a9-d3c2-49e9-8c6e-5757d9dc5fb9
2026-07-24T09:55:06+00:00,,swe,Palantir Technologies,"Software Engineer Intern, Infrastructure","New York, NY",,repo:vanshb03/Summer2026-Internships,https://jobs.lever.co/palantir/b229baac-494b-4a0d-9a13-2e38806e06f3,2026-07-24T08:39:01+00:00,new,repo:vanshb03/Summer2026-Internships:eb2485e8-7d0d-4a6a-9bb0-a65a4468fbbd
2026-07-24T09:55:06+00:00,,swe,Palantir Technologies,"Software Engineer Intern, Infrastructure","Palo Alto, CA",,repo:vanshb03/Summer2026-Internships,https://jobs.lever.co/palantir/f221738b-e97c-4ce3-a12a-17ada2b855e4,2026-07-24T08:39:04+00:00,new,repo:vanshb03/Summer2026-Internships:7df0afda-c7d5-4b89-ae2e-d90be7286f68
2026-07-24T09:55:06+00:00,,swe,Palantir Technologies,"Software Engineer Intern, Production Infrastructure","New York, NY",,repo:vanshb03/Summer2026-Internships,https://jobs.lever.co/palantir/37964982-9b4c-471e-a1d8-fb8f45d7f116,2026-07-24T08:39:10+00:00,new,repo:vanshb03/Summer2026-Internships:75f28f5a-4ac9-4bab-894f-4175ba430e77
2026-07-24T09:55:06+00:00,,swe,Palantir Technologies,"Software Engineer Intern, Production Infrastructure","Seattle, WA",,repo:vanshb03/Summer2026-Internships,https://jobs.lever.co/palantir/373367a9-3160-49d8-b7af-2efec062fad1,2026-07-24T08:39:16+00:00,new,repo:vanshb03/Summer2026-Internships:332f85f8-6ca8-47db-9377-039379a6d58d
2026-07-24T09:55:06+00:00,,data,Walleye Capital,Investment Data Science Intern,"New York, NY",,repo:vanshb03/Summer2026-Internships,https://job-boards.greenhouse.io/walleyecapital-external-students/jobs/4676587006,2026-07-24T08:56:14+00:00,new,repo:vanshb03/Summer2026-Internships:46a9b33c-0918-4965-b8d6-e861a5c6a372
2026-07-24T09:55:06+00:00,,swe,Old Mission,Software Engineer Intern,"Chicago, IL",,repo:vanshb03/Summer2026-Internships,https://www.oldmissioncapital.com/careers/?gh_jid=7796180003,2026-07-24T09:20:49+00:00,new,repo:vanshb03/Summer2026-Internships:194a9d5d-1360-4253-bf77-8c6d58801e48
2026-07-24T09:55:06+00:00,,ml,MarketEQ,AI Product Engineering Internship,United States,,repo:jobright-ai/2026-Software-Engineer-Internship,https://jobright.ai/jobs/info/6a630d6099515267a6f010fb?utm_campaign=1079&utm_source=git,,new,repo:jobright-ai/2026-Software-Engineer-Internship:https://jobright.ai/jobs/info/6a630d6099515267a6f010fb
2026-07-24T09:55:06+00:00,,swe,Uber,"2027 Software Engineering Internship, Uber Career Prep","Sunnyvale, CA, United States",,repo:jobright-ai/2026-Software-Engineer-Internship,https://jobright.ai/jobs/info/6a631787426d415f66361abc?utm_campaign=1079&utm_source=git,,new,repo:jobright-ai/2026-Software-Engineer-Internship:https://jobright.ai/jobs/info/6a631787426d415f66361abc
2026-07-24T09:55:06+00:00,,ml,Mistral,AI Data Solutions Intern – Data Partnerships,"Palo Alto, CA, United States",,repo:jobright-ai/2026-Data-Analysis-Internship,https://jobright.ai/jobs/info/6a630ce01ed5b0056a939c80?utm_campaign=1066&utm_source=git,,new,repo:jobright-ai/2026-Data-Analysis-Internship:https://jobright.ai/jobs/info/6a630ce01ed5b0056a939c80
2026-07-24T09:55:06+00:00,,ml,Vilo,Data Scientist / Software Engineer Intern (Wearable Health Data & AI),"Seattle, WA, United States",,repo:jobright-ai/2026-Data-Analysis-Internship,https://jobright.ai/jobs/info/6a62f44399515267a6f00ac0?utm_campaign=1066&utm_source=git,,new,repo:jobright-ai/2026-Data-Analysis-Internship:https://jobright.ai/jobs/info/6a62f44399515267a6f00ac0
2026-07-24T09:55:06+00:00,,ml,TikTok,(General Hire) Machine Learning Engineer Intern (TikTok-Recommendation) - 2026 Summer (BS/MS),"San Jose, CA, United States",,repo:jobright-ai/2026-Engineer-Internship,https://jobright.ai/jobs/info/6a6308fd7c70964cbb055335?utm_campaign=1048&utm_source=git,,new,repo:jobright-ai/2026-Engineer-Internship:https://jobright.ai/jobs/info/6a6308fd7c70964cbb055335
2026-07-24T11:42:20+00:00,,ml,Mistral AI,AI Data Solutions Intern - Data Partnerships,"Palo Alto, CA",,repo:SimplifyJobs/Summer2026-Internships,https://jobs.ashbyhq.com/mtesting.ai/60fcc44d-4d96-469d-a96c-d6a9bbfe8edd/application?embed=true,2026-07-24T09:24:52+00:00,new,repo:SimplifyJobs/Summer2026-Internships:ebc10de7-d079-4f61-82e2-abbf332284fb
2026-07-24T13:06:52+00:00,,ml,Mistral AI,AI Data Solutions Intern - Data Partnerships,"Palo Alto, CA",,repo:SimplifyJobs/Summer2026-Internships,https://jobs.ashbyhq.com/mistral.ai/60fcc44d-4d96-469d-a96c-d6a9bbfe8edd/application?embed=true,2026-07-24T09:24:57+00:00,new,repo:SimplifyJobs/Summer2026-Internships:2cad125a-155b-4008-b769-930277d26375
2026-07-24T13:06:52+00:00,,swe,Cair Health,Software Engineering Intern,United States,,repo:jobright-ai/2026-Software-Engineer-Internship,https://jobright.ai/jobs/info/6a63493787cef057612c81de?utm_campaign=1079&utm_source=git,,new,repo:jobright-ai/2026-Software-Engineer-Internship:https://jobright.ai/jobs/info/6a63493787cef057612c81de
2026-07-24T13:06:52+00:00,,swe,eAI,Front-End Developer Intern (Remote),United States,,repo:jobright-ai/2026-Software-Engineer-Internship,https://jobright.ai/jobs/info/6a634473eaf8dc2d5d9a1ba2?utm_campaign=1079&utm_source=git,,new,repo:jobright-ai/2026-Software-Engineer-Internship:https://jobright.ai/jobs/info/6a634473eaf8dc2d5d9a1ba2
2026-07-24T13:06:52+00:00,,swe,Oracle,OCI Software Engineer Intern - OVIP,"Seattle, WA, United States",,repo:jobright-ai/2026-Software-Engineer-Internship,https://jobright.ai/jobs/info/6a55a34cfdf4fa71202b36d6?utm_campaign=1079&utm_source=git,,new,repo:jobright-ai/2026-Software-Engineer-Internship:https://jobright.ai/jobs/info/6a55a34cfdf4fa71202b36d6
2026-07-24T13:06:52+00:00,,swe,Oracle,OCI Software Engineer Intern - OVIP,"Seattle, WA, United States",,repo:jobright-ai/2026-Software-Engineer-Internship,https://jobright.ai/jobs/info/6a5b07dd63a8f619507c9bd4?utm_campaign=1079&utm_source=git,,new,repo:jobright-ai/2026-Software-Engineer-Internship:https://jobright.ai/jobs/info/6a5b07dd63a8f619507c9bd4
2026-07-24T13:06:52+00:00,,swe,Oracle,OCI Software Engineer Intern - OVIP,"Austin, TX, United States",,repo:jobright-ai/2026-Software-Engineer-Internship,https://jobright.ai/jobs/info/6a5ae7de4da96a42cfd98393?utm_campaign=1079&utm_source=git,,new,repo:jobright-ai/2026-Software-Engineer-Internship:https://jobright.ai/jobs/info/6a5ae7de4da96a42cfd98393
2026-07-24T13:06:52+00:00,,swe,Oracle,OCI Software Engineer Intern - OVIP,"Seattle, WA, United States",,repo:jobright-ai/2026-Software-Engineer-Internship,https://jobright.ai/jobs/info/6a0e58ea47fea1610bca9a37?utm_campaign=1079&utm_source=git,,new,repo:jobright-ai/2026-Software-Engineer-Internship:https://jobright.ai/jobs/info/6a0e58ea47fea1610bca9a37
2026-07-24T13:06:52+00:00,,swe,Oracle,OCI Software Engineer Intern - OVIP,"Austin, TX, United States",,repo:jobright-ai/2026-Software-Engineer-Internship,https://jobright.ai/jobs/info/6a367d27649fdf16292fbc7a?utm_campaign=1079&utm_source=git,,new,repo:jobright-ai/2026-Software-Engineer-Internship:https://jobright.ai/jobs/info/6a367d27649fdf16292fbc7a
2026-07-24T13:06:52+00:00,,data,BSI Financial Services,Software Engineering / Data Science Intern,"Irving, TX, United States",,repo:jobright-ai/2026-Engineer-Internship,https://jobright.ai/jobs/info/6a63290a32abf9182432d22b?utm_campaign=1048&utm_source=git,,new,repo:jobright-ai/2026-Engineer-Internship:https://jobright.ai/jobs/info/6a63290a32abf9182432d22b
2026-07-24T13:06:52+00:00,,swe,American Modern Insurance Group,Data Engineer Intern Job Details / Munich Re Careers,"Princeton, NJ, United States",,repo:jobright-ai/2026-Engineer-Internship,https://jobright.ai/jobs/info/6a6327a21ed5b0056a93a2c9?utm_campaign=1048&utm_source=git,,new,repo:jobright-ai/2026-Engineer-Internship:https://jobright.ai/jobs/info/6a6327a21ed5b0056a93a2c9
2026-07-24T13:06:52+00:00,,swe,"EOA Technologies, LLC.",SKILLBRIDGE INTERN CABLE & TELECOMMUNICATION INFRASTRUCTURE TECHNICIAN: ADVANCED TECHNICIAN,"San Antonio, TX, United States",,repo:jobright-ai/2026-Engineer-Internship,https://jobright.ai/jobs/info/6a51de86ae4052672fe9c24d?utm_campaign=1048&utm_source=git,,new,repo:jobright-ai/2026-Engineer-Internship:https://jobright.ai/jobs/info/6a51de86ae4052672fe9c24d
